{"accuracy":0.983187812,"precision":0.9856115108,"recall":0.8027884421,"f1_score":0.8848552339,"roc_auc":0.9776319692}